[],@PattyArquette @Jim_Jordan @RepAdamSchiff Kind of a Monty Python moment:  This is supposed to be a legal proceeding‚Ä¶ https://t.co/LroO2K7X1o,Book_Em_Dano_83,
"['python', 'programming']","RT @python_devv: Using Python To Get SalesForce Data

‚òû https://t.co/F5RfRKL3F3

#python #programming https://t.co/of9FI1TQSl",beauanges,
[],"RT @baba_Omoloro: Copied: A 500 GB of Programming languages tutorial collection. 

- C 
- C++ 
- Citrix
- Go
- Android 
- Javascript
- Linu‚Ä¶",chun_fee,Abuja
[],"RT @yveslutdrop: olivia: yall know how to use python? 
yeojin: tf we using a snake for https://t.co/rOK6btepPr",ttoit1,
[],"RT @mcdavid_95: Hello People, I'm currently searching for a role as Backend Developer.

Tech:  Javascript(Node.js), Python(Flask/Django)
Cl‚Ä¶",andrew_hxl,
"['python', 'programming']","RT @django_tutorial: A Guide to Uncovering Powerful Data Stories with Python

‚òû https://t.co/whaOjZUam2

#python #programming https://t.co/‚Ä¶",beauanges,
[],"üéâ PRO-e Learning Python Online Training 

Python is one of the most well known powerful programming languages that‚Ä¶ https://t.co/Okcad8X2mr",pro_elearning,"Hyderabad, India"
[],RT @Catalaunensis: Almost missed this Monty Python tribute... https://t.co/I9wP5isonx,etschneider,"Strasbourg (SXB), Europe."
[],RT @DataScienceCtrl: Tutorial: Multistep Forecasting with Seasonal ARIMA in Python https://t.co/GMMeGNxaCh,marie_sveen,
['IAFIGRMS'],"RT @BioImagingUK: Bioimage Analysis with Python Course, being run by #IAFIGRMS https://t.co/J5gO5lvA2e",Olu_GH,London
[],"Does anybody use Python on macOS without Homebrew? How well does that work?

I‚Äôd like a working 3.6 or 3.7, but I‚Äôm not fussy which.",alexwlchan,Stevenage üöÇ London
"['programming', 'python']",The latest The Java Tutorials! https://t.co/NdObrGs64o Thanks to @GabrielRMunoz @The_Java_Dev @fpavageau #programming #python,computerprg,"Kolkata, India"
"['BigData', 'Analytics', 'DataScience', 'AI', 'MachineLearning', 'IoT', 'IIoT', 'PyTorch']",RT @gp_pulipaka: Polynote: An IDE-Inspired Polyglot Notebook. #BigData #Analytics #DataScience #AI #MachineLearning #IoT #IIoT #PyTorch #Py‚Ä¶,amateurdev2,LocalHost:$Port
[],"RT @SBGrid: We now have PyEM, a collection of Python modules &amp; command-line utilities for electron microscopy of biological samples, at ver‚Ä¶",RuneKidmose,"Denmark, aarhus"
"['Raspberry_Pi', 'Python', 'Bot']","RT @Halil_117: I am A #Raspberry_Pi #Python scripted #Bot

This is my daily PiHole report:

Ads Blocked: 246
Ads Percentage Today: 47
DNS Q‚Ä¶",ComputeHole,https://compute-hole.woolweave
"['AI', 'MachineLearning', 'BigData', 'DataScience', 'DeepLearning']","RT @KirkDBorne: Explore 200+ audiobooks on #AI and #MachineLearning: https://t.co/QxyADPzHsP
‚Äî‚Äî‚Äî‚Äî‚Äî‚Äî
#BigData #DataScience #DeepLearning #An‚Ä¶",ComputeHole,https://compute-hole.woolweave
['python'],RT @pythonlangbot: Assert failed to capture the i from ‚Äúi in range(x)‚Äù https://t.co/x0nUq2N2E2 #python,ComputeHole,https://compute-hole.woolweave
[],"RT @TheVeryHighKing: Hourly average speed test results
-DL(Mb/s): 69.84 (max:70.30/min:67.60)
-UL(Mb/s): 20.20 (max:20.40/min:20.00)
-Ping(‚Ä¶",ComputeHole,https://compute-hole.woolweave
[],PDF Download Free Python: The Ultimate Beginners Guide to Learn and Understand Python Programming &gt;&gt; https://t.co/TXrqekxfPb,Bevchristinas,los angeles
[],"RT @baba_Omoloro: Copied: A 500 GB of Programming languages tutorial collection. 

- C 
- C++ 
- Citrix
- Go
- Android 
- Javascript
- Linu‚Ä¶",fkdonkor,my own lane 
"['100DaysOfCode', 'html5', 'react']","RT @NewOnline23: Online Courses - Node with React: Fullstack Web Development -&gt; https://t.co/muiA7MHUIc     

#100DaysOfCode #html5 #react‚Ä¶",cuni0716,
[],"RT @baba_Omoloro: Copied: A 500 GB of Programming languages tutorial collection. 

- C 
- C++ 
- Citrix
- Go
- Android 
- Javascript
- Linu‚Ä¶",iam_polymath,"Alagbado,Ogun state,nigeria"
[],"RT @baba_Omoloro: Copied: A 500 GB of Programming languages tutorial collection. 

- C 
- C++ 
- Citrix
- Go
- Android 
- Javascript
- Linu‚Ä¶",SHEGZ11,
['datascientist'],10 Great Python Resources for Aspiring Data Scientists - KDnuggets https://t.co/4trCqRGfy6 #datascientist,GlobalBridgeSol,
[],"RT @KvaserAB: Kvaser‚Äôs October 2019 Software Release: https://t.co/YUb8ZRzTW4
Our latest software release supports Python 3 onwards and add‚Ä¶",NeoMore_SARL,"Saint-Nom-la-Bret√®che, France"
[],"RT @baba_Omoloro: Copied: A 500 GB of Programming languages tutorial collection. 

- C 
- C++ 
- Citrix
- Go
- Android 
- Javascript
- Linu‚Ä¶",akosworldwide,"Abuja, Nigeria"
[],"RT @Jowanza: Got a new MacBook Pro, lemme see if I can get Python 3.7 installed https://t.co/JzQ4yzjSAY",HaoTingW713,
[],"RT @kareem_carr: I saw a guy exploring his data today.
No Python.
No R.
No Stata.
He just sat there.
Looking at tables of numbers.
Like a P‚Ä¶",odd_survivor,Warangal
['machinelearning'],"Unsupervised Machine Learning Hidden Markov Models in Python

‚òû https://t.co/f5UPi433dL

#machinelearning‚Ä¶ https://t.co/Ty9aiGjStb",DataScience4You,United States
"['linux', 'python']",The latest Lazy Sysadm's Logbook! https://t.co/jALcBW8jKD Thanks to @Python_y_Linux @4Linux #linux #python,phpurwoko,Inside your DMZ.
[],RT @rowelldionicio: This year I made a goal to learn more Python. I guess I can make that an excuse to go after the DevNet Associate. To he‚Ä¶,lillianphyoe,Myanmar
[],"RT @Jowanza: Got a new MacBook Pro, lemme see if I can get Python 3.7 installed https://t.co/JzQ4yzjSAY",GI581d,◊î÷≤◊ë÷µ◊ú ◊î÷≤◊ë÷∏◊ú÷¥◊ô◊ù ◊î÷∑◊õ÷º÷π◊ú ◊î÷∏◊ë÷∂◊ú
[],"Things I didn't know a year ago:

Ruby on Rails and best practices
K8s/Helm
Docker
Shell scripting
Keycloak/Red Hat‚Ä¶ https://t.co/RiNOqp7rdD",boardfish_,"Sheffield, England"
[],"RT @Jowanza: Got a new MacBook Pro, lemme see if I can get Python 3.7 installed https://t.co/JzQ4yzjSAY",chaisarahmd,"Yogyakarta, Indonesia"
[],@bosukas Just a python script for pulling and plotting data,brruutuus,
[],People say Python is slow. It's 2.5x faster than unzip and 3x 7zip at file extraction. Anyone know of a faster util‚Ä¶ https://t.co/9XFtRfmbX2,marklit82,"London, England"
[],"RT @DD_NaNa_: Python Machine Learning: Machine Learning and Deep Learning with Python, scikit-learn, and TensorFlow https://t.co/g87DxUwpAf‚Ä¶",ShyBOT7,
[],"RT @mcdavid_95: Hello People, I'm currently searching for a role as Backend Developer.

Tech:  Javascript(Node.js), Python(Flask/Django)
Cl‚Ä¶",madcoding,
[],"RT @Jowanza: Got a new MacBook Pro, lemme see if I can get Python 3.7 installed https://t.co/JzQ4yzjSAY",ATonoMD,Espa√±a
[],So a Monty Python sketch https://t.co/y6ts4JIH0l,wutdfark,
[],[Download] EPUB Mission Python: A Galactic Programming Adventure -&gt; https://t.co/Pk3AYIuPYK,deshawndonaldse,united states
[],RT @1stRuleHoles: @PatriotGirlsIG @hhanzosteel @JV_Dzhuga @Theon_Orbis @Tam_Resist @ImaDisneyDork2 @JimJlr2 @BuffaloTracer @BWCotter Not wo‚Ä¶,Theon_Orbis,
[],RT @OluyomiOjo: About leaving the office and caught one of our print machine operators learning python via YouTube. Apparently this is why‚Ä¶,Prowess_6,Nigeria
[],"RT @baba_Omoloro: Copied: A 500 GB of Programming languages tutorial collection. 

- C 
- C++ 
- Citrix
- Go
- Android 
- Javascript
- Linu‚Ä¶",jidesam01,"Lagos, Nigeria"
[],Testing Blogs:  Best Python Tools for FullStack Automation Testing https://t.co/UyIVrz0Ep0 https://t.co/zi3l3jguIt,ITCB_IL_Testers,Israel
"['python', 'ad']",Instant Flask Web Development https://t.co/IT1ZKSCYqY  #python #ad,pythonbot_,
[],"Functional Python Programming: Discover the power of functional programming, generator functions, lazy evaluation,‚Ä¶ https://t.co/AU7t9OEIDy",pythonbot_,
"['PyCon', 'CommandLine', 'Python', 'PythonProgramming']","RT @aster_cloud: #PyCon 2019 | Writing #CommandLine Applications that Click

#Python #PythonProgramming

https://t.co/iIikvnDi8X",deanmarc,
[],"*AJOV*DOWNLOAD Advanced Python for Biologists ePub pdf  ebook 
DOWNLOAD HERE=&gt;&gt;https://t.co/0dfIQFrJ2z",A9Joono,
[],RT @ITCB_IL_Testers: Testing Blogs:  Best Python Tools for FullStack Automation Testing https://t.co/UyIVrz0Ep0 https://t.co/zi3l3jguIt,GamerGeekNews,
"['python', 'ad']",RT @pythonbot_: Instant Flask Web Development https://t.co/IT1ZKSCYqY  #python #ad,GamerGeekNews,
[],@CobbBenefield @TimSweeneyEpic Lootboxes is one thing but social pressure from strangers out of a PC Game - sounds‚Ä¶ https://t.co/JlnywEc3yt,OliverBaumgart,"Nassau, New Providence, Bahamas"
[],"RT @pythonbot_: Functional Python Programming: Discover the power of functional programming, generator functions, lazy evaluation, the buil‚Ä¶",GamerGeekNews,
[],RT @hashtag_CK: Fire ball python üòç‚ù§Ô∏è,ErikaMo63172274,General Santos City 
[],"EPUB Free Python for Data Analysis: Data Wrangling with Pandas, NumPy, and IPython &gt;&gt; https://t.co/HM7zstkRXQ",LucasAdmm,United State
[],"RT @kareem_carr: I saw a guy exploring his data today.
No Python.
No R.
No Stata.
He just sat there.
Looking at tables of numbers.
Like a P‚Ä¶",Muzzner,Sweden
[],RT @analyticbridge: R vs Python? No! R and Python (and something else) https://t.co/e9AtVpXuEt,opada_upct,cartagena
"['bigdata', 'datascience']","RT @RichardEudes: Enterprise-ready Data Science and ML with Python Registration https://t.co/o5kOk2lpDv #bigdata, #datascience, #datascienc‚Ä¶",akdm_bot,United States
"['machinelearning', 'datascience']","RT @DataScience4You: Unsupervised Machine Learning Hidden Markov Models in Python

‚òû https://t.co/f5UPi433dL

#machinelearning #datascience‚Ä¶",NVSData,"Melbourne, Victoria"
[],@qikipedia Monthly python lives on,RomyMartin67,
[],"RT @kareem_carr: I saw a guy exploring his data today.
No Python.
No R.
No Stata.
He just sat there.
Looking at tables of numbers.
Like a P‚Ä¶",Phrasingggg,"London, England"
[],"*oRgi*DOWNLOAD Foundations for Analytics with Python: From Non-Programmer to Hacker ePub pdf  ebook 
DOWNLOAD HERE=&gt;&gt;https://t.co/kEjdBJOMDc",A9Joono,
[],"RT @baba_Omoloro: Copied: A 500 GB of Programming languages tutorial collection. 

- C 
- C++ 
- Citrix
- Go
- Android 
- Javascript
- Linu‚Ä¶",FJhhames,~
[],"RT @baba_Omoloro: Copied: A 500 GB of Programming languages tutorial collection. 

- C 
- C++ 
- Citrix
- Go
- Android 
- Javascript
- Linu‚Ä¶",RabiuKabir_,"Kano, Nigeria"
['Scheer'],"@EdtheSock The Black Knight reminds me so much of #Scheer
Monty Python - The Black Knight - Tis But A Scratch‚Ä¶ https://t.co/NH3aV8reNV",kristen_lindop,"Port Hope, Ontario"
[],@JayDSlough @AEMcKay Monty Python and the Holy Gail would definitely be different if they used a Tesla to make the‚Ä¶ https://t.co/v0sPur4iVo,Josh_Abulafia,Hyrule
"['machinelearning', 'datascience']","RT @DataScience4You: Unsupervised Machine Learning Hidden Markov Models in Python

‚òû https://t.co/f5UPi433dL

#machinelearning #datascience‚Ä¶",SantchiWeb,Wirral
[],"RT @Espurrgers: @RealYungCripp Edward Snowden: this is how the government watching you through your iPhone
Joe Rogan: Jamie pull up that vi‚Ä¶",imetyourdad,
"['machinelearning', 'datascience']","RT @DataScience4You: Unsupervised Machine Learning Hidden Markov Models in Python

‚òû https://t.co/f5UPi433dL

#machinelearning #datascience‚Ä¶",TheCuriousLuke,Switzerland
[],"From a ticket (abbreviated):
‚Äûnoticed that python is running 2.7.6. could we update to 2.7.10? 2.7.6 is very old‚Äú

Should I tell them?",NeunKasulle,
[],"RT @baba_Omoloro: Copied: A 500 GB of Programming languages tutorial collection. 

- C 
- C++ 
- Citrix
- Go
- Android 
- Javascript
- Linu‚Ä¶",Laitramart,"Littoral, Cameroon"
['MilkyWayWednesday'],"RT @EliteDangerous: It's #MilkyWayWednesday and this week, we're in love with the Type-6, Type-7, Type-9 Heavy and Type-10 Defender! Check‚Ä¶",jackknife734,
['python'],Learning to code.. My first group coding meeting for #python Thanks @iress First learning: coders like pizza https://t.co/5YKcU0bUw2,JuliaLeeAU,"Sydney, Australia"
[],"RT @kareem_carr: I saw a guy exploring his data today.
No Python.
No R.
No Stata.
He just sat there.
Looking at tables of numbers.
Like a P‚Ä¶",FranCabrera__,
[],"RT @kareem_carr: I saw a guy exploring his data today.
No Python.
No R.
No Stata.
He just sat there.
Looking at tables of numbers.
Like a P‚Ä¶",Eliemer619,
"['machinelearning', 'datascience']","RT @DataScience4You: Unsupervised Machine Learning Hidden Markov Models in Python

‚òû https://t.co/f5UPi433dL

#machinelearning #datascience‚Ä¶",VinuSemiotics,"Chennai, India"
[],RT @realpython: üêç For Loops in Python (Definite Iteration) (Video) üì∫ https://t.co/uhxjucAVOc,mawukojo_,"Accra, Tema n HoCity"
"['100DaysOfCode', 'python']",RT @jacobukokobili: Day 21 of #100DaysOfCode I revisited while loops briefly this morning before finally diving into #python advanced data‚Ä¶,Juliaa3Maxine,
[],Nice,dynamic_09,"Otta, Nigeria"
[],"RT @DD_NaNa_: Python Machine Learning: Machine Learning and Deep Learning with Python, scikit-learn, and TensorFlow https://t.co/g87DxUwpAf‚Ä¶",yamachampion1,‰∏âÈáç Ê°ëÂêçÂ∏Ç Â§öÂ∫¶Áî∫
[],"RT @baba_Omoloro: Copied: A 500 GB of Programming languages tutorial collection. 

- C 
- C++ 
- Citrix
- Go
- Android 
- Javascript
- Linu‚Ä¶",we3academy,"Mumbai, India"
[],"RT @baba_Omoloro: Copied: A 500 GB of Programming languages tutorial collection. 

- C 
- C++ 
- Citrix
- Go
- Android 
- Javascript
- Linu‚Ä¶",Damtech1288,"Ogun, Nigeria"
"['PyCon', 'DataScience', 'Python', 'PythonProgramming']","RT @liwaiwaicom: #PyCon 2019 | Getting Started Testing in #DataScience

#Python #PythonProgramming

https://t.co/8aRDN0aJ6O",deanmarc,
[],"@alexwlchan I use pyenv for managing my Mac's python installs. It's not perfect, but it won't update python installations in the background!",judy2k,"Edinburgh, Scotland"
[],"RT @baba_Omoloro: Copied: A 500 GB of Programming languages tutorial collection. 

- C 
- C++ 
- Citrix
- Go
- Android 
- Javascript
- Linu‚Ä¶",Pricyhits15, Nigeria
[],just two python chapters left :),RoddTraft,dead sleep docks
['machinelearning'],"Unsupervised Machine Learning Hidden Markov Models in Python

‚òû https://t.co/qYRcmLSFRX

#machinelearning‚Ä¶ https://t.co/v9GlG18Jpk",zDeepLearning,United States
[],@danielpunkass @PaolaNotPaolo +1 on Python. Back in the day I used aperol a lot. Then bash would be a common thing‚Ä¶ https://t.co/B0y7QFhgAF,mattjgalloway,"London, UK"
['montypython'],RT @montypython: What Python sketch did this quote come from? #montypython https://t.co/8wuvO0aZbM,GenialeGioi,
[],"RT @baba_Omoloro: Copied: A 500 GB of Programming languages tutorial collection. 

- C 
- C++ 
- Citrix
- Go
- Android 
- Javascript
- Linu‚Ä¶",alim77sulaimon,
"['DeepLearning', 'MachineLearning']",RT @Deep_In_Depth: Leveraging workforce analytics using deep learning https://t.co/Sx3sQC59eB #DeepLearning #MachineLearning #ArtificialInt‚Ä¶,WIOMAX_MD,United States
[],Kindle Download Free Good Habits for Great Coding: Improving Programming Skills with Examples in Python -&gt; https://t.co/sH9ZmYmMvb,Ewersvictors,los angeles
[],"RT @baba_Omoloro: Copied: A 500 GB of Programming languages tutorial collection. 

- C 
- C++ 
- Citrix
- Go
- Android 
- Javascript
- Linu‚Ä¶",_Olayisade,"Lagos, Nigeria"
[],"RT @kareem_carr: I saw a guy exploring his data today.
No Python.
No R.
No Stata.
He just sat there.
Looking at tables of numbers.
Like a P‚Ä¶",adrianteri,Jamhuri ya Kenya
['KOT'],"Hello #KOT
We specialize in Surveys,
Data Analysis/Interpretation using SPSS,STATA, Excel, R &amp; Python.
Call us on +‚Ä¶ https://t.co/KM5C2rKa5y",gil_analytics,Nairobi
[],@DrSophieCormack The whole Python language or just an application of it? I always found forcing myself to take a br‚Ä¶ https://t.co/jILgAll2KI,cpjobling,Swansea
[],"RT @modmany85: AI Deep learning is my new passion at least for the next five years.

Gotta start reviewing my Python programming skills sin‚Ä¶",jayeshmthakur,::1
[],"RT @yveslutdrop: olivia: yall know how to use python? 
yeojin: tf we using a snake for https://t.co/rOK6btepPr",WorldwideLejind,United States
"['Python', 'Django', 'Terraform']",RT @PythonWeekly: Kickstarting Infrastructure for Django Applications with Terraform https://t.co/pgu3PSoUjO #Python #Django #Terraform htt‚Ä¶,krishzen,India
[],RT @marklit82: People say Python is slow. It's 2.5x faster than unzip and 3x 7zip at file extraction. Anyone know of a faster utils to extr‚Ä¶,remza,"London, England"
"['AI', 'MachineLearning', 'BigData', 'DataScience', 'DeepLearning']","RT @KirkDBorne: Explore 200+ audiobooks on #AI and #MachineLearning: https://t.co/QxyADPzHsP
‚Äî‚Äî‚Äî‚Äî‚Äî‚Äî
#BigData #DataScience #DeepLearning #An‚Ä¶",upus_gani,Kenya
[],"@crockpics @PsychoHouse11 Just watched a Monty Python episode from 1970 and at one point Terry Jones says ""Over the‚Ä¶ https://t.co/70jd1SqcPx",freeherenow,"Bellingham, WA"
[],"RT @baba_Omoloro: Copied: A 500 GB of Programming languages tutorial collection. 

- C 
- C++ 
- Citrix
- Go
- Android 
- Javascript
- Linu‚Ä¶",Oluwatomiisiin,X
['Election2020'],@thecjpearson Excellent satire.  Such a pity Monty Python disbanded. #Election2020,Left_in_Limbo,"Brisbane, Queensland"
[],"RT @mcdavid_95: Hello People, I'm currently searching for a role as Backend Developer.

Tech:  Javascript(Node.js), Python(Flask/Django)
Cl‚Ä¶",aholagunju,Nigeria
[],"RT @kareem_carr: I saw a guy exploring his data today.
No Python.
No R.
No Stata.
He just sat there.
Looking at tables of numbers.
Like a P‚Ä¶",JuhaMehtonen,Finland
[],"@ravenhairsam @MirrorCeleb I remember jokes, people found them funny and caused a smile, thank heaven i still enjoy Monty Python.",DavidKe42776894,
[],"RT @kareem_carr: I saw a guy exploring his data today.
No Python.
No R.
No Stata.
He just sat there.
Looking at tables of numbers.
Like a P‚Ä¶",madmufasa,Pata nai
[],@KirkDBorne Pls link to get that python 3-1 book,Kiddojazz,"Lagos, Nigeria"
"['AI', 'MachineLearning', 'BigData', 'DataScience', 'DeepLearning']","RT @KirkDBorne: Explore 200+ audiobooks on #AI and #MachineLearning: https://t.co/QxyADPzHsP
‚Äî‚Äî‚Äî‚Äî‚Äî‚Äî
#BigData #DataScience #DeepLearning #An‚Ä¶",charlezenston,batcave
[],"I want to implement broadcast encrypt in python, can you help me? https://t.co/f0cLpHxepS",OsirisMusic9,UK + Australia
[],"RT @baba_Omoloro: Copied: A 500 GB of Programming languages tutorial collection. 

- C 
- C++ 
- Citrix
- Go
- Android 
- Javascript
- Linu‚Ä¶",ce0la,"Ibadan, Nigeria"
[],"RT @yveslutdrop: olivia: yall know how to use python? 
yeojin: tf we using a snake for https://t.co/rOK6btepPr",gudetania1223,hell university
"['programming', 'coding', 'programmer', 'javascript', 'coder', 'php', 'java', 'programminglife', 'developer']",It's a nightmare... #programming #coding #programmer #javascript #coder #php #java #programminglife #developer‚Ä¶ https://t.co/0VJUH3k5F5,motherofnodejs,404
[],"Greetings from  Itronix Solutions
We have immediate openings at Mohali and Jalandhar Location

Apply Mode : Online‚Ä¶ https://t.co/VEVJFUWTMd",erkaranarora,"Mohali, India"
[],"RT @Espurrgers: @RealYungCripp Edward Snowden: this is how the government watching you through your iPhone
Joe Rogan: Jamie pull up that vi‚Ä¶",itsOutrageouss,Eastern Canada
[],Do you need knowledge of programming to learn a programming language? The essence of learning a programming languag‚Ä¶ https://t.co/oTjirwJL5b,charlesnwahiwe,Nigeria
[],"RT @baba_Omoloro: Copied: A 500 GB of Programming languages tutorial collection. 

- C 
- C++ 
- Citrix
- Go
- Android 
- Javascript
- Linu‚Ä¶",Dabo_Modii,Abuja x Yola x Kano 
"['Python', 'LasyaInfotech']","#Python Training in Kompally, Hyderabad, India- #LasyaInfotech.
Real time project &amp; Hands on Training.100% Placemen‚Ä¶ https://t.co/Nh1EeYCTY6",InfotechLasya,"Hyderabad, India"
[],"RT @yveslutdrop: olivia: yall know how to use python? 
yeojin: tf we using a snake for https://t.co/rOK6btepPr",jamaisvujoon_,joonie ‚ô°
[],"RT @baba_Omoloro: Copied: A 500 GB of Programming languages tutorial collection. 

- C 
- C++ 
- Citrix
- Go
- Android 
- Javascript
- Linu‚Ä¶",therealfena,"Basel, Switzerland"
[],"RT @baba_Omoloro: Copied: A 500 GB of Programming languages tutorial collection. 

- C 
- C++ 
- Citrix
- Go
- Android 
- Javascript
- Linu‚Ä¶",Big_deh,Nigeria 
[],"RT @hulyacobans: ‚ö°Ô∏èI've tried to explain how you can analyze crawl, Google Analytics and Search Console data with basic codes of Python.

I‚Ä¶",SeoToddler,"Munich, Germany"
[],"RT @DappUniversity: üö® I just released a new video on dappuniversity! üö®

Blockchain Python programming tutorial [FULL COURSE] https://t.co/1‚Ä¶",Hendobox,Nigeria
[],"perfect Golang, incomprehensible Python, git revert",codepoetrybot,Skynet
[],"RT @baba_Omoloro: Copied: A 500 GB of Programming languages tutorial collection. 

- C 
- C++ 
- Citrix
- Go
- Android 
- Javascript
- Linu‚Ä¶",Moneybagtohbadt,
[],"RT @sjmay92: ""I'm sorry, you have to say 'dog kennel' to Mr Lambert, because if you say 'mattress' he puts a bucket over his head. I should‚Ä¶",donniedarkuhhh,
"['Switzerland', 'Gumefens', 'FR']","The #Switzerland Picture of the day is from: #Gumefens #FR
Credits: Rico Cue - https://t.co/qIORZpf94K
--- Images m‚Ä¶ https://t.co/anXE7cs0VJ",Switzerland_Pix,Suisse
[],Catch me in 20 years with my month python and the holy grail car,AnInnocentOlive,
[],"RT @MisraNityanand: Here is a video of an Indian python swallowing a whole goat:

https://t.co/nTBOlPIsbG

2/2",_mnsg,"Sitamarhi, Bihar, India"
[],"In days I must refactor Python code, I deeply regret my Scala compiler imaginary friend which I could rely on to ma‚Ä¶ https://t.co/0TkO7yzNpY",mandubian,France
[],"RT @kareem_carr: I saw a guy exploring his data today.
No Python.
No R.
No Stata.
He just sat there.
Looking at tables of numbers.
Like a P‚Ä¶",Spyria,La Garriga
[],"RT @yveslutdrop: olivia: yall know how to use python? 
yeojin: tf we using a snake for https://t.co/rOK6btepPr",seokhops,
[],Python -- mismatch of columns between training data and prediction data: in my model I have figured out i made a mi‚Ä¶ https://t.co/J4dHuUqpuL,CarlRioux,"Halifax, Nova Scotia, Canada"
[],"RT @baba_Omoloro: Copied: A 500 GB of Programming languages tutorial collection. 

- C 
- C++ 
- Citrix
- Go
- Android 
- Javascript
- Linu‚Ä¶",shoneskypro,"Lagos, Nigeria"
"['github', 'Python', 'TSQL']","-dns switch to use custom dns server is not working in Windows, still uses OS settings https://t.co/FvBWO3qej1 #github #Python #TSQL",first_issues,127.0.0.1
"['web', 'website']","Angular js Development Company | Web &amp; App Design &amp; Development Services
https://t.co/4JPknJo0Qc

#web #website‚Ä¶ https://t.co/VqFoVfzLzk",rgbwebtech,India
[],"RT @baba_Omoloro: Copied: A 500 GB of Programming languages tutorial collection. 

- C 
- C++ 
- Citrix
- Go
- Android 
- Javascript
- Linu‚Ä¶",Nweke_Franchise,"Accra, Ghana"
"['ai', 'tensorflow']","TensorFlow 2.0 Full Tutorial - Python Neural Networks for Beginners

‚òû https://t.co/l2l7aQyvRB

#ai #tensorflow https://t.co/oWfk5MMOHD",AiBlessing,
"['ai', 'tensorflow']","TensorFlow 2.0 Full Tutorial - Python Neural Networks for Beginners

‚òû https://t.co/YdabpYs8bB

#ai #tensorflow https://t.co/1fLQYnJKvM",AI_devr,United States
['100DaysOfCode'],"RT @KingSimeone: Day 31-32 #100DaysOfCode

The Django journey has begun. Went over django models and basic application and database setup.‚Ä¶",UchennaNdukwe5,
[],@danielpunkass @PaolaNotPaolo +1 on Python. Back in the day I used Perl a lot. Then bash would be a common thing to‚Ä¶ https://t.co/qoJ8BnyOba,mattjgalloway,"London, UK"
[],"RT @baba_Omoloro: Copied: A 500 GB of Programming languages tutorial collection. 

- C 
- C++ 
- Citrix
- Go
- Android 
- Javascript
- Linu‚Ä¶",erostribe,TRIB√´
[],"RT @kareem_carr: I saw a guy exploring his data today.
No Python.
No R.
No Stata.
He just sat there.
Looking at tables of numbers.
Like a P‚Ä¶",Charles_Adeniji,"Manchester, England"
"['python', 'pandas', 'seo']",Great introduction into #python with #pandas for basic #seo analysis by @hulyacobans üëç,SeoToddler,"Munich, Germany"
['JOSS_theOJ'],RT @JOSS_TheOJ: Just published in #JOSS_theOJ: 'Hasasia: A Python package for Pulsar Timing Array Sensitivity Curves' https://t.co/aoX9k6Ya‚Ä¶,AdamSci12,"London, England"
[],"RT @kareem_carr: I saw a guy exploring his data today.
No Python.
No R.
No Stata.
He just sat there.
Looking at tables of numbers.
Like a P‚Ä¶",Andy_J_W,United Kingdom
['python'],Apply function Pandas DataFrame without Lambda paramater https://t.co/buiN7QAMwu #python,pythonlangbot,
[],Thursday Thought! The most requested song to be played at a funeral in England is Monty Python's ‚ÄúAlways Look On th‚Ä¶ https://t.co/GQVzkPomzo,in_accountancy,"Manchester, UK"
"['CSS', '100DaysOfCode', 'Design']","RT @CouseSites: #CSS 
Responsive Web Design Essentials - HTML5 CSS3 Bootstrap Course - https://t.co/DlxL54EQvY

#100DaysOfCode #Design #web‚Ä¶",ashlyn_alicia,
['100DaysOfCode'],"RT @KingSimeone: Day 31-32 #100DaysOfCode

The Django journey has begun. Went over django models and basic application and database setup.‚Ä¶",xaelbot,Earth
[],via @RichardEudes - Enterprise-ready Data Science and ML with Python Registration  https://t.co/NAD8MTw4mA¬†‚Ä¶ https://t.co/YiLW1yNQyk,AnalyticsFrance,"Paris, France"
['rdatatable'],"RT @rdatatable: Watch @MattDowle's presentation after 1:18:45 in the ""Explainable AI Track"" video at https://t.co/bgXkz20mEK

#rdatatable #‚Ä¶",justinmshea,"Chicago, IL"
[],"RT @Jowanza: Got a new MacBook Pro, lemme see if I can get Python 3.7 installed https://t.co/JzQ4yzjSAY",joelkesler,"Saskatoon, Sk"
[],via @RichardEudes - Enterprise-ready Data Science and ML with Python Registration  https://t.co/c49LZxnQCb¬†‚Ä¶ https://t.co/OTT4s9TPsy,BigData_Fr,"Paris, France"
[],"RT @hulyacobans: ‚ö°Ô∏èI've tried to explain how you can analyze crawl, Google Analytics and Search Console data with basic codes of Python.

I‚Ä¶",PierreLepoulain,Bordeaux
['FOTD'],"#FOTD The reticulated python is the world‚Äôs longest snake, named for the netted or reticulated pattern that covers‚Ä¶ https://t.co/JNiQEfk1W7",SteveBackshall,
[],"Alojamiento Web Premium 99.99% Uptime, cPanel, Soporte 24/7, Backups, Python, Ruby, Php, MySql, Cms¬¥s, Softaculous, https://t.co/UyteHP9Ooi",Hostxido,
[],RT @codepoetrybot: summery snow? Python - WTF,SageEmily3,
[],python -m pip install ‚Äîupgrade pip,hellotarojp,Êó•Êú¨ Ê≤ñÁ∏Ñ
[],Only 2 months 7 days 16 hours 29 minutes left until Python 2 retires,python2clock,
['bigdata'],"RT @BigData_Fr: via @RichardEudes - Enterprise-ready Data Science and ML with Python Registration  https://t.co/c49LZxnQCb¬† #bigdata, #data‚Ä¶",GamerGeekNews,
"['ITjobs', 'freelance']","We are looking for an experienced Data Engineer for a project in the Copenhagen area, Denmark. #ITjobs #freelance‚Ä¶ https://t.co/EnDCVLIWqi",ProDataConsult,Europe
"['programming', 'coding', 'programmer', 'javascript', 'coder', 'php', 'java', 'programminglife', 'developer', 'python']",RT @motherofnodejs: It's a nightmare... #programming #coding #programmer #javascript #coder #php #java #programminglife #developer #python‚Ä¶,Vectorbottress,Main server
[],OctoML raises $3.9 million for deep learning model optimization | VentureBeat https://t.co/BTmA1rujpa‚Ä¶ https://t.co/IKjDOU6pGW,makerdemy,"Chennai, India"
"['fiverr', 'react']",anyone looking for awesome developers we are here: checkout our gig on #fiverr https://t.co/8UowBJP2Gv #react‚Ä¶ https://t.co/ZFjY4BL4sK,WIttyC0de,"Bengaluru, India"
"['Spectrum', 'InternetSpeed', 'automagic', 'python', 'corporateaccountability']","#Spectrum My #InternetSpeed :
Ping: 33.272 ms
Download: 200.85 Mbit/s
Upload: 11.68 Mbit/s
#automagic #python #corporateaccountability",BeardySmeardy,"Newtown, CT"
"['AI', 'MachineLearning', 'BigData', 'DataScience', 'DeepLearning']","RT @KirkDBorne: Explore 200+ audiobooks on #AI and #MachineLearning: https://t.co/QxyADPzHsP
‚Äî‚Äî‚Äî‚Äî‚Äî‚Äî
#BigData #DataScience #DeepLearning #An‚Ä¶",Eduarea,"Denia, Alicante, Espa√±a"
[],"RT @baba_Omoloro: Copied: A 500 GB of Programming languages tutorial collection. 

- C 
- C++ 
- Citrix
- Go
- Android 
- Javascript
- Linu‚Ä¶",R_opeoluwa,Nigeria
[],"The weather at Valencia,ES is few clouds, the temperature is 12.29c, the wind speed is 4.7mph, the sun sets at 19:1‚Ä¶ https://t.co/DIFw1TYeGY",smithy1155_Bot,"San Fulgencio, Espa√±a"
[],RT @marklit82: People say Python is slow. It's 2.5x faster than unzip and 3x 7zip at file extraction. Anyone know of a faster utils to extr‚Ä¶,soobrosa,Berlin
[],@GGWICKEDx ‚ÄúThere‚Äôs a Python in my bed‚Äù üòú,3991Jrsr,"Lisboa, Portugal"
"['AI', 'MachineLearning', 'BigData', 'DataScience', 'DeepLearning']","RT @KirkDBorne: Explore 200+ audiobooks on #AI and #MachineLearning: https://t.co/QxyADPzHsP
‚Äî‚Äî‚Äî‚Äî‚Äî‚Äî
#BigData #DataScience #DeepLearning #An‚Ä¶",can_wanpen,
[],"RT @kareem_carr: I saw a guy exploring his data today.
No Python.
No R.
No Stata.
He just sat there.
Looking at tables of numbers.
Like a P‚Ä¶",jonnavarrete,"Ensenada, Baja California"
[],"RT @mkamimura: ‚ÄúPython - A Modular Approach to Program Organization - doctest module(standard library), test mod function, docstring | Kami‚Ä¶",yukinari230,Japan 
[],"When you are done discovering yourself, don't just keep looking for ""motivational stuffs,"" start looking for the ac‚Ä¶ https://t.co/EZHKlZisla",prolificobafemi,"Lagos, Nigeria"
[],via @RichardEudes - Enterprise-ready Data Science and ML with Python Registration  https://t.co/paJhEKaqnZ¬†‚Ä¶ https://t.co/negBl3JOlY,DataScienceFr,"Paris, France"
"['programming', 'coding', 'programmer', 'javascript', 'coder', 'php', 'java', 'programminglife', 'developer', 'python']",RT @motherofnodejs: It's a nightmare... #programming #coding #programmer #javascript #coder #php #java #programminglife #developer #python‚Ä¶,AaronCuddeback,"Sacramento, CA"
[],"RT @yveslutdrop: olivia: yall know how to use python? 
yeojin: tf we using a snake for https://t.co/rOK6btepPr",lamaisondeloona,"London, England"
"['ai', 'tensorflow']","TensorFlow 2.0 Full Tutorial - Python Neural Networks for Beginners

‚òû https://t.co/onfh5s5Nt8

#ai #tensorflow https://t.co/gOs6st4DOq",AiGame_dev,United States
"['PyCon', 'CommandLine', 'Python', 'PythonProgramming']","RT @aster_cloud: #PyCon 2019 | Writing #CommandLine Applications that Click

#Python #PythonProgramming

https://t.co/iIikvnDi8X",dmcatwork,
['FOTD'],"RT @SteveBackshall: #FOTD The reticulated python is the world‚Äôs longest snake, named for the netted or reticulated pattern that covers its‚Ä¶",CrescitelliLuca,"Bury, England"
['Macron'],"Like that Monty Python sketch, worth marching upto Elysee Palace &amp; shower some insults on #Macron üòÄ

Hopefully, Jup‚Ä¶ https://t.co/4tmHWRllPq",NanaInThames,London
[],"RT @Keeatah: Axanthic ball python hound for sale! This is a semi partial and comes with Head Hands and a tail. Price is $2,000 https://t.co‚Ä¶",RileiTrebotic,"California, USA"
['flask'],"StyleSage is looking for a mid level #flask developer.

üá™üá∏ Madrid, Spain
üåé Remote allowed
üïì Full time
üí∞ ‚Ç¨36,000 - ‚Ç¨‚Ä¶ https://t.co/07bypgPXq2",FlaskJobs,
[],via @RichardEudes - Enterprise-ready Data Science and ML with Python Registration  https://t.co/eMpJsVZnVu¬†‚Ä¶ https://t.co/mNRnJkGjVK,DataScientistsF,"Paris, France"
[],@41Strange Very Monty Python-esque.,BongBong,
['bigdata'],"RT @AnalyticsFrance: via @RichardEudes - Enterprise-ready Data Science and ML with Python Registration  https://t.co/NAD8MTw4mA¬† #bigdata,‚Ä¶",JustBeMentalist,Shropshire
[],"Download Free Python for Probability, Statistics, and Machine Learning -&gt; https://t.co/J5o6MHUHXX",ShamekaScaglio,united states
['bigdata'],"RT @BigData_Fr: via @RichardEudes - Enterprise-ready Data Science and ML with Python Registration  https://t.co/c49LZxnQCb¬† #bigdata, #data‚Ä¶",JustBeMentalist,Shropshire
"['PyCon', 'DataScience', 'Python', 'PythonProgramming']","RT @liwaiwaicom: #PyCon 2019 | Getting Started Testing in #DataScience

#Python #PythonProgramming

https://t.co/8aRDN0aJ6O",dmcatwork,
"['AI', 'ArtificialIntelligence', 'Python', 'ML', 'DL']","RT @techopcode: #AI yolov2 algorithm wont detect u If You Hold This Color Printout

#ArtificialIntelligence #Python #ML #DL
 https://t.co/s‚Ä¶",techopcode,India
['bigdata'],"RT @DataScienceFr: via @RichardEudes - Enterprise-ready Data Science and ML with Python Registration  https://t.co/paJhEKaqnZ¬† #bigdata, #d‚Ä¶",JustBeMentalist,Shropshire
"['programming', 'coding', 'programmer', 'javascript', 'coder', 'php', 'java', 'programminglife', 'developer', 'python']",RT @motherofnodejs: It's a nightmare... #programming #coding #programmer #javascript #coder #php #java #programminglife #developer #python‚Ä¶,boina92,Paris
